1.1	 evaṃ mayā śrutam ekasmin samaye |
1.2	Bhagavāñ Śrāvastyāṃ viharati sma Jetavane 'nāthapiṇḍadasya-ārāmemahatā bhikṣu-saṁghena sārdham ardhatrayodaśabhir bhikṣu-śataiḥsambahulaiś ca bodhisattvair mahāsattvaiḥ |
1.3	 atha khalu Bhagavān pūrvāhṇa-kāla-samaye nivāsya pātracīvaram ādāyaŚrāvastīṃ mahā-nagarīṃ piṇḍāya prāvikṣat |
1.4	atha khalu Bhagavāñ Śrāvastīṃ mahā-nagarīṃ piṇḍāya caritvākṛta-bhakta-kṛtyaḥ paścādbhakta-piṇḍapāta-pratikrāntaḥ pātra-cīvaraṃpratiśāmya pādau prakṣalya nyaṣīdat prajñapta eva-āsane paryaṅkamābhujya ṛjuṃ kāyaṃ praṇidhāya pratimukhīṃ smṛtim upasthāpya |
1.5	atha khalu sambahulā bhikṣavo yena Bhagavāṃs tenopasaṃkraman upasaṃkramya Bhagavataḥ pādau śirobhir abhivandya Bhagavantaṃ triṣpradakṣiṇīkṛtya ekānte nyaṣīdan||1||
2.1	 tena khalu punaḥ samayena āyuṣmān subhūtis tasyām eva parṣadisaṃnipatito 'bhūt saṃniṣaṇṇaḥ |
2.2	 atha khalv āyuṣmān subhūtir utthāya-āsanād ekāṃsam uttarāsaṅgaṃ kṛtvādakṣiṇaṃ jānu-maṇḍalaṃ pṛthivyāṃ pratiṣṭhāpya yena bhagavāṃs tenaañjaliṃ praṇamya bhagavantam etad avocat |
2.3	 āścaryaṃ bhagavan parama-āścaryaṃ sugata yāvad eva tathāgatena-arhatāsamyaksaṃbuddhena bodhisattvā mahāsattvā anuparigṛhītāḥ parameṇaanugraheṇa | āścaryaṃ bhagavan yāvad eva tathāgatenārhatāsamyaksaṃbuddhena bodhisattvā mahāsattvāḥ parīnditāḥ paramayāparīndanayā |
2.4	 tat kathaṃ bhagavan bodhisattvayāna saṃprasthitena kulaputreṇa vākuladuhitrā vā sthātavyaṃ | kathaṃ pratipattavyaṃ | kathaṃ cittaṃpragrahītavyam |
2.5	 evam ukte bhagavān āyuṣmantaṃ subhūtim etad avocat | sādhu sādhusubhūte evam etad yathā vadasi |
2.6	 anuparigṛhītās tathāgatena bodhisattvā mahāsattvāḥ parameṇa anugraheṇa| parīnditās tathāgatena bodhisattvā mahasattvāḥ paramayā parīndanayā |
2.7	 tena hi subhūte śṛṇu sādhu ca suṣṭhu ca manasikuru | bhāṣiṣye 'haṃ te |yathā bodhisattva-yāna-saṃprasthitena sthātavyaṃ | yathā pratipattavyaṃ |yathā cittaṃ pragrahītavyam |
2.8	 evaṃ bhagavan ity āyuṣmān subhūtir bhagavataḥ pratyaśrauṣīt ||2||
3.1	 bhagavān etad avocat | iha subhūte bodhisattva-yāna-saṃprasthitena evaṃcittam utpādayitavyaṃ |
3.2	 yāvantaḥ subhūte sattvāḥ sattvadhātau sattva-saṃgraheṇa saṃgṛhītāaṇḍajā vā jarāyujā vā saṃsvedajā vā aupapādukā vā rūpiṇo vā arūpiṇo vāsaṃjñino vā asaṃjñino vā naiva aṃjñino nāsaṃjñino vā yāvān kaścitsattvadhātuḥ prajñapya-mānaḥ prajñapyate te ca mayā sarve 'nupadhiśeṣenirvāṇadhātau parinirvāpayitavyāḥ |
3.3	 evam aparimāṇān api sattvān parinirvāpya na kaścit sattvaḥ parinirvāpitobhavati |
3.4	 tat kasya hetoḥ | sacet subhūte bodhisattvasya sattva-saṃjñā pravarteta na sa bodhisattva iti vaktavyaḥ | 
3.5	 tat kasya hetoḥ | na sa subhūte bodhisattvo vaktavyo yasya ātma-saṃjñāpravarteta sattva-saṃjñā vā jīva-saṃjñā vā pudgala-saṃjñā vā pravarteta||3||
4.1	 api tu khalu punaḥ subhūte na bodhisattvena vastupratiṣṭhitena dānaṃdātavyaṃ | na kvacit pratiṣṭhitena dānaṃ dātavyaṃ |
4.2	 na rūpa-pratiṣṭhitena dānaṃ dātavyaṃ | naśabda-gandha-rasa-spraṣṭavya-dharmeṣu pratiṣṭhitena dānaṃ dātavyam |
4.3	 evaṃ hi subhūte bodhisattvena mahāsattvena dānaṃ dātavyaṃ | yathā nanimitta-saṃjñāyām api pratitiṣṭhet |
4.4	 tat kasya hetoḥ | yaḥ subhūte bodhisattvo 'pratiṣṭhito dānaṃ dadāti tasyasubhūte puṇya-skandhasya na sukaraṃ pramāṇam udgrahītum |
4.5	 tat kiṃ manyase subhūte sukaraṃ pūrvasyāṃ diśy ākāśasyapramāṇamudgrahītum |
4.6	 subhūtir āha | no hīdaṃ bhagavan |
4.7	 bhagavān āha |evaṃ dakṣiṇa-paścima-uttarāsvadha-ūrdhvaṃ digvidikṣusamantād daśasu dikṣu sukaram ākāśasya pramāṇam udgrahītum |
4.8	 subhūtir āha | no hīdaṃ bhagavan |
4.9	 bhagavān āha | evam eva subhūte yo bodhisattvo 'pratiṣṭhito dānaṃ dadātitasya subhūte puṇyaskandhasya na sukaraṃ pramāṇam udgrahītum |
4.10	 evaṃ hi subhūte bodhisattva-yāna-saṃprasthitena dānaṃ dātavyaṃ yathāna nimitta-saṃjñāyām api pratitiṣṭhet ||4||
5.1	 tat kiṃ manyase subhūte lakṣaṇa-sampadā tathāgato draṣṭavyaḥ |
5.2	 subhūtir āha | no hīdaṃ bhagavan na lakṣaṇa-saṃpadā tathāgatodraṣṭavyaḥ |
5.3	 tat kasya hetoḥ | yā sā bhagavan lakṣaṇa-saṃpat tathāgatena bhāṣitā saivaalakṣaṇa-saṃpat |
5.4	 evam ukte bhagavān āyuṣmantaṃ subhūtim etad avocat |
5.5	 yāvat subhūte lakṣaṇa-saṃpat tāvan mṛṣā | yāvad alakṣaṇa-saṃpat tāvan namṛṣeti | hi lakṣaṇa-alakṣaṇatas tathāgato draṣṭavyaḥ ||5||
6.1	 evam ukta āyuṣmān subhūtir bhagavantam etad avocat |
6.2	 asti bhagavan kecit sattvā bhaviṣyanty anāgate 'dhvani paścime kālepaścime samaye paścimāyāṃ pañca-śatyāṃ saddharma-vipralopa-kālevartamāne ya imeṣv evaṃrūpeṣu sūtrānta-padeṣu bhāṣyamāṇeṣubhūta-saṃjñām utpādayiṣyanti |
6.3	bhagavān āha | mā subhūte tvam evaṃ vocaḥ | asti kecit sattvā bhaviṣyantyanāgate 'dhvani paścime kāle paścime samaye paścimāyāṃ pañcaśatyāṃsaddharma-vipralope vartamāne ya imeṣv evaṃrūpeṣu sūtrāntapadeṣubhāṣyamāṇeṣu bhūta-saṃjñām utpādayiṣyanti |
6.4	api tu khalu punaḥ subhūte bhaviṣyanty anāgate 'dhvani bodhisattvāmahāsattvāḥ paścime kāle paścime samaye paścimāyāṃ pañca-śatyāṃsaddharma-vipralope vartamāne guṇavantaḥ śīlavantaḥ prajñāvantaś cabhaviṣyanti
6.5	ya imeṣv evaṃrūpeṣu sūtrānta-padeṣu bhāṣyamāṇeṣu bhūtasaṃjñāmutpādayiṣyanti |
6.6	 na khalu punas te subhūte bodhisattvā mahāsattvā eka-buddha-paryupāsitābhaviṣyanti | na eka-buddha-avaropita-kuśala-mūlā bhaviṣyanti |
6.7	 api tu khalu punaḥ subhūte aneka-buddha-śatasahasra-paryupāsitāaneka-buddha-śatasahasra-avaropita-kuśala-mūlās te bodhisattvāmahāsattvā bhaviṣyanti |
6.8	 ya imeṣv evaṃrūpeṣu sūtrānta-padeṣu bhāṣyamāṇeṣv ekacitta-prasādam apipratilapsyante |
6.9	 jñātās te subhūte tathāgatena buddha-jñānena dṛṣṭās te subhūte tathāgatenabuddha-cakṣuṣā buddhās te subhūte tathāgatena | sarve te subhūte'prameyam asaṃkhyeyaṃ puṇyaskandhaṃ prasaviṣyanti pratigrahīṣyanti |
6.10	 tat kasya hetoḥ | na hi subhūte teṣāṃ bodhisattvānāṃ mahāsattvānāmātmasaṃjñā pravartate na sattvasaṃjñā na jīvasaṃjñā na pudgalasaṃjñāpravartate |
6.11	 nāpi teṣāṃ subhūte bodhisattvānāṃ mahāsattvānāṃ dharmasaṃjñāpravartate | evaṃ nādharmasaṃjñā | nāpi teṣāṃ subhūte saṃjñā nāsaṃjñāpravartate |
6.12	 tatkasya hetoḥ | sacet subhūte teṣāṃ bodhisattvānāṃ mahāsattvānāṃdharmasaṃjñā pravarteta sa eva teṣām ātmagrāho bhavet sattvagrāhojīvagrāhaḥ pudgalagrāho bhavet |
6.13	 saced adharmasaṃjñā pravarteta sa eva teṣām ātmagrāho bhavetsattvagrāho jīvagrāhaḥ pudgalagrāha iti |
6.14	 tatkasya hetoḥ | na khalu punaḥ subhūte bodhisattvena mahāsattvenadharma udgrahītavyo nādharmaḥ |
6.15	 tasmād iyaṃ tathāgatena saṃdhāya vāg bhāṣitā | kolopamaṃdharma-paryāyam ājānadbhir dharmā eva prahātavyāḥ prāg evādharmāiti ||6||
7.1	 punar aparaṃ bhagavān āyuṣmantaṃ subhūtim etad avocat |
7.2	 tat kiṃ manyase subhūte asti sa kaścid dharmo yas tathāgatena anuttarāsamyaksaṃbodhir ity abhisaṃbuddhaḥ kaścid vā dharmas tathāgatenadeśitaḥ |
7.3	 evam ukta āyuṣmān subhūtir bhagavantam etad avocat | yathā ahaṃbhagavan bhagavato bhāṣitasya artham ājānāmi nāsti sa kaścid dharmo yastathāgatena anuttarā samyaksaṃbodhir ity abhisaṃbuddhaḥ nāsti dharmoyas tathāgatena deśitaḥ |
7.4	 tat kasya hetoḥ | yo 'sau tathāgatena dharmo 'bhisaṃbuddho deśito vāagrāhyaḥ so 'nabhilapyaḥ | na sa dharmo nādharmaḥ |
7.5	tatkasya hetoḥ |asaṃskṛta-prabhāvitā hy āryapudgalāḥ ||7||
8.1	 bhagavān āha | tat kiṃ manyase subhūte yaḥ kaścit kulaputro vā kuladuhitāvemaṃ trisāhasramahāsāhasraṃ lokadhātuṃ sapta-ratnaparipūrṇaṃ kṛtvātathāgatebhyo 'rhadbhyaḥ samyaksaṃbuddhebhyo dānaṃ dadyāt api nu sakulaputro vā kuladuhitā vā tato nidānaṃ bahutaraṃ puṇya-skandhaṃprasunuyāt |
8.2	 subhūtir āha | bahu bhagavan bahu sugata sa kulaputro vā kuladuhitā vātato nidānaṃ puṇya-skandhaṃ prasunuyāt |
8.3	 tat kasya hetoḥ | yo 'sau bhagavan puṇya-skandhas tathāgatena bhāṣito'skandhaḥ sa tathāgatena bhāṣitaḥ | tasmāt tathāgato bhāṣatepuṇya-skandhaḥ puṇya-skandha iti |
8.4	 bhagavān āha | yaś ca khalu punaḥ subhūte kulaputro vā kuladuhitā vemaṃtrisāhasramahāsāhasraṃ lokadhātuṃ sapta-ratna-paripūrṇaṃ kṛtvātathāgatebhyo 'rhadbhyaḥ samyaksaṃbuddhebhyo dānaṃ dadyāt |
8.5	 yaśceto dharm-aparyāyād antaśaś catuṣpādikām api gāthām udgṛhyaparebhyo vistareṇa deśayet saṃprakāśayed ayam eva tato nidānaṃbahutaraṃ puṇya-skandhaṃ prasunuyād aprameyam asaṃkhyeyam |
8.6	 tat kasya hetoḥ | ato nirjātā hi subhūte tathāgatānām arhatāṃsamyaksaṃbuddhānām anuttarā samyaksaṃbodhir | ato nirjātāś ca buddhābhagavantaḥ |
8.7	 tat kasya hetoḥ | buddhadharmā buddhadharmā iti subhūte'buddhadharmāś caiva te tathāgatena bhāṣitāḥ | tenocyante buddhadharmāiti ||8||
9.1	 tat kiṃ manyase subhūte api nu srotāpannasyaivaṃ bhavati mayāsrotāpatti-phalaṃ prāptam iti |
9.2	 subhūtir āha | no hīdaṃ bhagavan | na srotāpannasyaivaṃ bhavati mayāsrotāpatti-phalaṃ prāptam iti | tat kasya hetoḥ | na hi sa bhagavan kaṃciddharmam āpannaḥ | tenocyate srotāpanna iti | na rūpam āpanno na śabdānna gandhān na rasān na spraṣṭavyān dharmān āpannaḥ | tenocyatesrotāpanna iti |
9.3	 saced bhagavan srotāpannasyaivaṃ bhaven mayā srotāpatti-phalaṃprāptam iti sa eva tasya ātmagrāho bhavet sattvagrāho jīvagrāhaḥpudgalagrāho bhaved iti |
9.4	 bhagavān āha | tatkiṃ manyase subhūte api nu sakṛdāgāmina evaṃ bhavatimayā sakṛdāgāmiphalaṃ prāptam iti |
9.5	 subhūtirāha | no hīdaṃ bhagavan na sakṛdāgāmina evaṃ bhavati mayāsakṛdāgāmiphalaṃ prāptam iti | tatkasya hetoḥ | na hi sa kaścid dharmo yaḥsakṛdāgāmitvam āpannaḥ | tenocyate sakṛdāgāmīti |
9.6	 bhagavān āha | tat kiṃ manyase subhūte api nv anāgāmina evaṃ bhavatimayā anāgāmiphalaṃ prāptam iti |
9.7	 subhūtir āha | no hīdaṃ bhagavan na anāgāmina evaṃ bhavati mayāanāgāmi-phalaṃ prāptamiti | tatkasya hetoḥ | na hi sa bhagavan kaściddharmo yo 'nāgāmitvam āpannaḥ | tenocyate 'nāgāmīti |
9.8	 bhagavān āha | tat kiṃ manyase subhūte api nvarhata evaṃ bhavati mayāarhattvaṃ prāptam iti |
9.9	 subhūtir āha | no hīdaṃ bhagavan na arhata evaṃ bhavati mayā arhattvaṃprāptam iti | tatkasya hetoḥ | na hi sa bhagavan kaścid dharmo yo 'rhannāma | tenocyate 'rhann iti | saced bhagavann arhata evaṃ bhaven mayāarhattvaṃ prāptam iti sa eva tasya ātmagrāho bhavet sattvagrāhojīvagrāhaḥ pudgalagrāho bhavet |
9.10	 tat kasya hetoḥ | aham asmi bhagavaṃs tathāgatena arhatāsamyaksaṃbuddhena araṇā-vihāriṇām agryo nirdiṣṭaḥ | aham asmibhagavann arhan vītarāgaḥ | na ca me bhagavann evaṃ bhavati arhannasmy ahaṃ vītarāga iti |
9.11	 sacen mama bhagavann evaṃ bhaven mayā arhattvaṃ prāptam iti na māṃtathāgato vyākariṣyad araṇā-vihāriṇām agryaḥ subhūtiḥ kulaputro nakvacid viharati tenocyate 'raṇā-vihāry araṇā-vihārīti ||9||
10.1	 bhagavān āha | tat kiṃ manyase subhūte asti sa kaścid dharmo yastathāgatena dīpaṃkarasya tathāgatasya arhataḥ samyaksaṃbuddhasyaantikād udgṛhītaḥ |
10.2	 subhūtir āha | no hīdaṃ bhagavan nāsti sa kaścid dharmo yas tathāgatenadīpaṃkarasya tathāgatasya arhataḥ samyaksaṃbuddhasya antikādudgṛhītaḥ |
10.3	 bhagavān āha | yaḥ kaścit subhūte bodhisattva evaṃ vaded ahaṃkṣetra-vyūhān niṣpādayiṣyāmi iti sa vitathaṃ vadet |
10.4	 tatkasya hetoḥ | kṣetra-vyūhāḥ kṣetra-vyūhā iti subhūte 'vyūhās tetathāgatena bhāṣitāḥ | tenocyante kṣetra-vyūhā iti |
10.5	 tasmāt tarhi subhūte bodhisattvena mahāsattvenaivam apratiṣṭhitaṃcittam utpādayitavyaṃ yanna kvacit pratiṣṭhitaṃ cittam utpādayitavyaṃna rūpa-pratiṣṭhitaṃ cittam utpādayitavyaṃ naśabda-gandha-rasa-spraṣṭavya-dharma-pratiṣṭhitaṃ cittamutpādayitavyam |
10.6	 tad yathāpi nāma subhūte puruṣo bhaved upeta-kāyo mahā-kāyo yattasyaivaṃrūpa ātma-bhāvaḥ syāt tad yathāpi nāma sumeruḥparvata-rājaḥ tat kiṃ manyase subhūte api nu mahān sa ātmabhāvobhavet |
10.7	 subhūtir āha | mahān sa bhagavan mahān sugata sa ātmabhāvo bhavet |tatkasya hetoḥ | ātmabhāva ātmabhāva iti bhagavann abhāvaḥ satathāgatena bhāṣitaḥ |tenocyata ātmabhāva iti | na hi bhagavan sa bhāvonābhāvaḥ | tenocyata ātmabhāva iti |
11.1	 bhagavān āha | tat kiṃ manyase subhūte yāvatyo gaṅgāyāṃ mahānadyāṃvālukās tāvatya eva gaṅgā-nadyo bhaveyuḥ tāsu yā vālukā api nu tābahvyo bhaveyuḥ |
11.2	 subhūtir āha | tā eva tāvad bhagavan bahvyo gaṅgā-nadyo bhaveyuḥ prāgeva yās tāsu gaṅgā-nadīṣu vālukāḥ |
11.3	 bhagavān āha | ārocayāmi te subhūte prativedayāmi yāvatyas tāsugaṅgā-nadīṣu vālukā bhaveyus tāvato lokadhātūn kaścid eva strī vā puruṣovā sapta-ratna-paripūrṇaṃ kṛtvā tathāgatebhyo 'rhadbhyaḥsamyaksaṃbuddhebhyo dānaṃ dadyāt tatkiṃ manyase subhūte api nu sāstrī vā puruṣo vā tato nidānaṃ bahu puṇya-skandhaṃ prasunuyāt |
11.4	 subhūtir āha | bahu bhagavan bahu sugata strī vā puruṣo vā tato nidānaṃpuṇya-skandhaṃ prasunuyād aprameyam asaṃkhyeyam |
11.5	 bhagavān āha |yaś ca khalu punaḥ subhūte strī vā puruṣo vā tāvatoloka-dhātūn sapta-ratna-paripūrṇaṃ kṛtvā tathāgatebhyo 'rhadbhyaḥsamyaksaṃbuddhebhyo dānaṃ dadyāt yaś ca kulaputro vā kuladuhitāveto dharm-aparyāyād antaśaś catuṣpādikām api gāthām udgṛhyaparebhyo deśayet saṃprakāśayed ayam eva tato nidānaṃ bahutaraṃpuṇya-skandhaṃ prasunuyād aprameyam asaṃkhyeyam ||11||
12.1	api tu khalu punaḥ subhūte yasmin pṛthivī-pradeśa ito dharma-paryāyādantaśaś catuṣpādikām api gāthām udgṛhya bhāṣyeta vā saṃprakāśyeta vāsa pṛthivī-pradeśaś caitya-bhūto bhavet sadeva mānuṣa-asurasya lokasya
12.2	 kaḥ punar vādo ya imaṃ dharmaparyāyaṃ sakala-samāptaṃdhārayiṣyanti vācayiṣyanti paryavāpsyanti parebhyaś ca vistareṇasaṃprakāśayiṣyanti |
12.3	 parameṇa te subhūte āścaryeṇa samanvāgatā bhaviṣyanti | tasmiṃś casubhūte pṛthivī-pradeśe śāstā viharaty anyatara-anyataro vāvijñaguru-sthānīyaḥ ||12||
13.1	 evam ukta āyuṣmān subhūtir bhagavantam etad avocat | ko nāma ayaṃbhagavan dharmaparyāyaḥ kathaṃ cainaṃ dhārayāmi |
13.2	 evam ukte bhagavān āyuṣmantaṃ subhūtim etad avocat | prajñāpāramitānāma ayaṃ subhūte dharmaparyāyaḥ | evaṃ cainaṃ dhāraya | tatkasyahetoḥ | yaiva subhūte prajñāpāramitā tathāgatena bhāṣitāsaiva-a-pāramitā tathāgatena bhāṣitā | tenocyate prajñāpāramiteti |
13.3	 tatkiṃ manyase subhūte api nvasti sa kaścid dharmo yastathāgatenabhāṣitaḥ|
13.4	 subhūtir āha | no hīdaṃ bhagavan nāsti sa kaścid dharmo yas tathāgatenabhāṣitaḥ |
13.5	 bhagavān āha | tatkiṃ manyase subhūte yāvat trisāhasramahāsāhasrelokadhātau pṛthivīrajaḥ kaccit tad bahu bhavet |
13.6	 subhūtir āha | bahu bhagavan bahu sugata pṛthivīrajo bhavet |
13.7	 tatkasya hetoḥ | yat tad bhagavan pṛthivīrajas tathāgatena bhāṣitama-rajas tad bhagavaṃs tathāgatena bhāṣitam | tenocyate pṛthivīraja iti | yo'py asau lokadhātus tathāgatena bhāṣito 'dhātuḥ sa tathāgatena bhāṣitaḥ |tenocyate lokadhātur iti |
13.8	 bhagavān āha | tatkiṃ manyase subhūte dvātriṃśan mahāpuruṣa-lakṣaṇaistathāgato 'rhan samyaksaṃbuddho draṣṭavyaḥ |
13.9	 subhūtir āha | no hīdaṃ bhagavan na dvātriṃśan-mahāpuruṣa-lakṣaṇaistathāgato 'rhan samyaksaṃbuddho draṣṭavyaḥ | tatkasya hetoḥ | yāni hitāni bhagavan dvātriṃśan mahāpuruṣa-lakṣaṇāni tathāgatena bhāṣitānya-lakṣaṇāni tāni bhagavaṃs tathāgatena bhāṣitāni | tenocyantedvātriṃśan-mahāpuruṣa-lakṣaṇānīti |
13.10	 bhagavān āha | yaś ca khalu punaḥ subhūte strī vā puruṣo vā dine dinegaṅgā-nadī-vālukā-samān ātma-bhāvān parityajet evaṃ parityajangaṅgā-nadī-vālukā-samān kalpāṃs tān ātma-bhāvān parityajet yaś cetodharmaparyāyād antaśaś catuṣpādikām api gāthām udgṛhya parebhyodeśayet saṃprakāśayed ayam eva tato nidānaṃ bahutaraṃpuṇya-skandhaṃ prasunuyād aprameyam asaṃkhyeyam |
14.1	 atha khalv āyuṣmān subhūtir dharma-vegena-aśrūṇi prāmuñcat so 'śrūṇipramṛjya bhagavantam etad avocat |
14.2	āścaryaṃ bhagavan parama-aścaryaṃ sugata yāvad ayaṃdharm-aparyāyas tathāgatena bhāṣito 'grayāna-saṃprasthitānāṃsattvānām arthāya śreṣṭha-yāna-saṃprasthitānāṃ sattvānām-arthāya yatome bhagavañ jñānam utpannam | na mayā bhagavañ jātv evaṃrūpodharmaparyāyaḥ śruta-pūrvaḥ |
14.3	parameṇa te bhagavann āścaryeṇa samanvāgatā bodhisattvā bhaviṣyanti yaiha sūtre bhāṣyamāṇe śrutvā bhūta-saṃjñām utpādayiṣyanti | tatkasyahetoḥ | yā caiṣā bhagavan bhūta-saṃjñā saiva-abhūta-saṃjñā |tasmāt tathāgato bhāṣate bhūta-saṃjñā bhūta-saṃjñeti |
14.4	na mama bhagavann āścaryaṃ yad aham imaṃ dharmaparyāyaṃbhāṣyamāṇam avakalpayāmyadhimucye | ye 'pi te bhagavan sattvābhaviṣyanty anāgate 'dhvani paścime kāle paścime samaye paścimāyāṃpañca-śatyāṃ saddharma-vipralope vartamāne ya imaṃ bhagavan dharm-aparyāyam udgrahīṣyanti dhārayiṣyanti vācayiṣyantiparyavāpsyanti parebhyaś ca vistareṇa saṃprakāśayiṣyanti teparama-āścaryeṇa samanvāgatā bhaviṣyanti |
14.5	 api tu khalu punar bhagavan na teṣām ātmasaṃjñā pravartiṣyate nasattva-saṃjñā na jīva-saṃjñā na pudgala-saṃjñā pravartiṣyate nāpi teṣāṃkācit saṃjñā nāsaṃjñā pravartate |
14.6	 tatkasya hetoḥ | yā sā bhagavann ātma-saṃjñā saiva-a-saṃjñā | yāsattva-saṃjñā jīva-saṃjñā pudgala-saṃjñā saivāsaṃjñā |
14.7	 tatkasya hetoḥ | sarva-saṃjñā-apagatā hi buddhā bhagavantaḥ | evam uktebhagavān āyuṣmantaṃ subhūtim etad avocat |
14.8	 evam etat subhūte evam etat | parama-āścarya-samanvāgatās te sattvābhaviṣyanti ya iha subhūte sūtre bhāṣyamāṇe nottrasiṣyanti nasaṃtrasiṣyanti na saṃtrāsam āpatsyante |
14.9	 tatkasya hetoḥ | paramapāramiteyaṃ subhūte tathāgatena bhāṣitāyaduta-a-pāramitā | yāṃ ca subhūte tathāgataḥ parama-pāramitāṃbhāṣate tām aparimāṇā api buddhā bhagavanto bhāṣante | tenocyateparama-pāramiteti |
14.10	api tu khalu punaḥ subhūte yā tathāgatasya kṣānti-pāramitāsaivāpāramitā |
14.11	tatkasya hetoḥ | yadā me subhūte kaliṅgarājā-aṅga-pratyaṅga-māṃsānyacchaitsīt nāsīn-me tasmin samaya ātma-saṃjñā vā sattva-saṃjñā vājīva-saṃjñā vā pudgala-saṃjñā vā nāpi me kācit saṃjñā vā asaṃjñā vābabhūva |
14.12	tatkasya hetoḥ | sacen me subhūte tasmin samayaātma-saṃjñā-abhaviṣyad vyāpāda-saṃjñā api me tasmin samaye'bhaviṣyat | sacet sattva-saṃjñā jīva-saṃjñā pudgala-saṃjñā-abhaviṣyadvyāpāda-saṃjñā api me tasmin samaye 'bhaviṣyat |
14.13	tatkasya hetoḥ | abhijānāmy ahaṃ subhūte 'tīte 'dhvani pañca jāti-śatāniyad ahaṃ kṣāntivādī ṛṣir abhūvam | tatra api me nātma-saṃjñā babhūvana sattva-saṃjñā na jīva-saṃjñā na pudgala-saṃjñā babhūva |
14.14	tasmāt tarhi subhūte bodhisattvena mahāsattvena sarva-saṃjñāvivarjayitvā anuttarāyāṃ samyaksaṃbodhau cittam utpādayitavyam | narūpa-pratiṣṭhitaṃ cittam utpādayitavyaṃ naśabda-gandha-rasa-spraṣṭavya-dharma-pratiṣṭhitaṃ cittamutpādayitavyaṃ na dharma-pratiṣṭhitaṃ cittam utpādayitavyaṃ naadharma-pratiṣṭhitaṃ cittam utpādayitavyaṃ na kvacit pratiṣṭhitaṃcittam utpādayitavyam |
14.15	tatkasya hetoḥ | yat pratiṣṭhitaṃ tad eva apratiṣṭhitam | tasmād evatathāgato bhāṣate apratiṣṭhitena bodhisattvena dānaṃ dātavyam | narūpa-śabda-gandha-rasa-spraṣṭavya-dharma-pratiṣṭhitena dānaṃdātavyam |
14.16	api tu khalu punaḥ subhūte bodhisattvenaivaṃrūpo dānaparityāgaḥkartavyaḥ sarva-sattvānām arthāya | 
14.17	tatkasya hetoḥ | yā caiṣā subhūte sattva-saṃjñā saivāsaṃjñā | ya evaṃ tesarva-sattvās tathāgatena bhāṣitās ta evāsattvāḥ |
14.18	tatkasya hetoḥ | bhūta-vādī subhūte tathāgataḥ satyavādī tathāvādyananyathāvādī tathāgataḥ | na vitatha-vādī tathāgataḥ |
14.19	api tu khalu punaḥ subhūte yas tathāgatena dharmo 'bhisaṃbuddho deśitonidhyāto na tatra satyaṃ na mṛśā |
14.20	tadyathāpi nāma subhūte puruṣo 'ndhakāra-praviṣṭo na kiṃcid api paśyetevaṃ vastupatito bodhisattvo draṣṭavyo yo vastupatito dānaṃ parityajati |
14.21	tadyathāpi nāma subhūte cakṣuṣmān puruṣaḥ prabhātāyāṃ rātrau sūrye'bhyudgate nānāvidhāni rūpaṇi paśyet evam avastupatito bodhisattvodraṣṭavyo yo 'vastupatito dānaṃ parityajati |
14.22	api tu khalu punaḥ subhūte ye kulaputrā vā kuladuhitaro vemaṃdharmaparyāyam udgrahīṣyanti dhārayiṣyanti vācayiṣyantiparyavāpsyanti parebhyaś ca vistareṇa saṃprakāśayiṣyanti jñātās tesubhūte tathāgatena buddha-jñānena dṛṣṭās te subhūte tathāgatenabuddha-cakṣuṣā buddhās te tathāgatena | sarve te subhūte sattvāaprameyam asaṃkhyeyaṃ puṇya-skandhaṃ prasaviṣyantipratigrahīṣyanti ||14||
15.1	yaś ca khalu punaḥ subhūte strī vā puruṣo vā pūrv-āhṇa-kāla-samayegaṅgā-nadī-vālukā-samān ātmabhāvān parityajed | evaṃmadhyā-āhṇa-kāla-samaye gaṅgā-nadī-vālukā-samān ātmabhāvānparityajet | sāya-āhṇa-kāla-samaye gaṅgā-nadī-vālukā-samān ātmabhāvānparityajet anena paryāyeṇa bahūni kalpa-koṭi-niyuta-śatasahasrāṇyātmabhāvān parityajet |
15.2	 yaś cemaṃ dharmaparyāyaṃ śrutvā na pratikṣipet ayam eva tato nidānaṃbahutaraṃ puṇya-skandhaṃ prasunuyād aprameyam asaṃkhyeyam | kaḥpunar vādo yo likhitvodgṛhṇīyād dhārayed vācayet paryavāpnuyātparebhyaś ca vistareṇa saṃprakāśayet |
15.3	api tu khalu punaḥ subhūte 'cintyo 'tulyo 'yaṃ dharmaparyāyaḥ |
15.4	ayaṃ ca subhūte dharmaparyāyas tathāgatena bhāṣito'gra-yāna-saṃprasthitānāṃ sattvānām arthāyaśreṣṭha-yāna-saṃprasthitānāṃ sattvānām arthāya |
15.5	ya imaṃ dharm-aparyāyam udgrahīṣyanti dhārayiṣyanti vācayiṣyantiparyavāpsyanti parebhyaśca vistareṇa saṃprakāśayiṣyanti jñātās tesubhūte tathāgatena buddha-jñānena dṛṣṭās te subhūte tathāgatenabuddha-cakṣuṣā buddhās te tathāgatena |
15.6	sarve te subhūte sattvā aprameyeṇa puṇya-skandhena samanvāgatābhaviṣyanti | acintyena atulyena amāpyena aparimāṇena puṇya-skandhenasamanvāgatā bhaviṣyanti | sarve te subhūte sattvāḥ samāṃśena bodhiṃdhārayiṣyanti |
15.7	tatkasya hetoḥ | na hi śakyaṃ subhūte 'yaṃ dharmaparyāyohīna-adhimuktikaiḥ sattvaiḥ śrotuṃ na ātma-dṛṣṭikair na sattvadṛṣṭikair najīva-dṛṣṭikair na pudgala-dṛṣṭikaiḥ | na abodhisattva-pratijñaiḥ sattvaiḥśakyam ayaṃ dharmaparyāyaḥ śrotuṃ vodgrahītuṃ vā dhārayituṃ vāvācayituṃ vā paryavāptuṃ vā | nedaṃ sthānaṃ vidyate | 
15.8	api tu khalu punaḥ subhūte yatra pṛthivīpradeśa idaṃ sūtraṃprakāśayiṣyate pūjanīyaḥ sa pṛthivīpradeśo bhaviṣyatisadeva-mānuṣa-asurasya lokasya vandanīyaḥ pradakṣiṇīyaś ca sapṛthivīpradeśo bhaviṣyati caityabhūtaḥ sa pṛthivīpradeśo bhaviṣyati ||15||
16.1	api tu ye te subhūte kulaputrā vā kuladuhitaro vemān evaṃrūpānsūtrāntān udgrahīṣyanti dhārayiṣyanti vācayiṣyanti paryavāpsyanti yoniśaśca manasikariṣyanti parebhyaś ca vistareṇa saṃprakāśayiṣyanti teparibhūtā bhaviṣyanti suparibhūtāś ca bhaviṣyanti |
16.2	tatkasya hetoḥ | yāni ca teṣāṃ subhūte sattvānāṃpaurva-janmikāny-aśubhāni karmāṇi kṛtāny apāya-saṃvartanīyāni dṛṣṭaeva dharme paribhūtatayā tāni paurvajanmikāny aśubhāni karmāṇikṣapayiṣyanti buddhabodhiṃ ca anuprāpsyanti | 
16.3	tat kasya hetoḥ | abhijānāmy ahaṃ subhūte atīte 'dhvany asaṃkhyeyaiḥkalpair asaṃkhyeyatarair dīpaṃkarasya tathāgatasya arhataḥsamyaksaṃbuddhasya pareṇa paratareṇacatur-aśīti-buddha-koṭi-niyuta-śatasahasrāṇy abhūvan ye mayā ārāgitāārāgya na virāgitāḥ | yac ca mayā subhūte te buddhā bhagavanta ārāgitāārāgya na virāgitā
16.4	 yac ca paścime kāle paścime samaye paścimāyāṃ pañcaśatyāṃsaddharma-vipralopa-kāle vartamāne imān evaṃrūpān sūtrāntānudgrahīṣyanti dhārayiṣyanti vācayiṣyanti paryavāpsyanti parebhyaś cavistareṇa saṃprakāśayiṣyanty
16.5	 asya khalu punaḥ subhūte puṇyaskandhasya antikād asau paurvakaḥpuṇya-skandhaḥ śatatamīm api kalāṃ nopaiti sahasratamīm apiśatasahasratamīm api koṭitamīm api koṭi-śatatamīm apikoṭi-śatasahasratamīm api koṭi-niyuta-śatasahasratamīm api saṃkhyāmapi kalāmapi gaṇanām apyupamām apy upaniṣadam api yāvad aupamyamapi na kṣamate |
16.6	sacet punaḥ subhūte teṣāṃ kulaputrāṇāṃ kuladuhitfṇāṃ vā ahaṃpuṇyaskandhaṃ bhāṣeyaṃ yāvat te kulaputrā vā kuladuhitaro vā tasminsamaye puṇyaskandhaṃ prasaviṣyanti pratigrahīṣyanty unmādaṃ sattvāanuprāpnuyuś citta-vikṣepaṃ vā gaccheyuḥ |
16.7	api tu khalu punaḥ subhūte 'cintyo 'tulyo 'yaṃ dharma-paryāyastathāgatena bhāṣitaḥ | asya acintya eva vipākaḥ pratikāṅkṣitavyaḥ ||16||
17.1	atha khalvāyuṣmān subhūtir bhagavantam etad avocat | kathaṃ bhagavanbodhisattva-yāna-saṃprasthitena sthātavyaṃ kathaṃ pratipattavyaṃkathaṃ cittaṃ pragrahītavyam | 
17.2	bhagavān āha | iha subhūte bodhisattva-yāna-saṃprasthitena evaṃ cittamutpādayitavyaṃ sarve sattvā mayā anupadhiśeṣe nirvāṇadhātauparinirvāpayitavyāḥ | evaṃ ca sattvān parinirvāpya na kaścit sattvaḥparinirvāpito bhavati |
17.3	tatkasya hetoḥ | sacet subhūte bodhisattvasya sattva-saṃjñā pravarteta nasa bodhisattva iti vaktavyaḥ | jīvasaṃjñā vā yāvat pudgalasaṃjñā vāpravarteta na sa bodhisattva iti vaktavyaḥ |
17.4	tat kasya hetoḥ | nāsti subhūte sa kaścid dharmo yobodhisattva-yāna-saṃprasthito nāma |
17.5	tat kiṃ manyase subhūte asti sa kaścid dharmo yas tathāgatenadīpaṃkarasya tathāgatasya antikād anuttarāṃ samyaksaṃbodhimabhisaṃbuddhaḥ |
17.6	evam ukte āyuṣmān subhūtir bhagavantam etad avocat |yathā ahaṃ bhagavan bhagavato bhāṣitasya artham ājānāmi nāsti sabhagavan kaścid dharmo yas tathāgatena dīpaṃkarasya tathāgatasyaarhataḥ samyaksaṃbuddhasya antikād anuttarāṃ samyaksaṃbodhimabhisaṃbuddhaḥ |
17.7	evam ukte bhagavān āyuṣmantaṃ subhūtim etad avocat | evam etat subhūteevam etan nāsti subhūte sa kaścid dharmo yas tathāgatena dīpaṃkarasyatathāgatasya arhataḥ samyaksaṃbuddhasya antikād anuttarāṃsamyaksaṃbodhim abhisaṃbuddhaḥ |
17.8	sacet punaḥ subhūte kaścid dharmas tathāgatena abhisaṃbuddho'bhaviṣyanna māṃ dīpaṃkaras tathāgato vyākariṣyad bhaviṣyasi tvaṃmāṇava-anāgate 'dhvani śākyamunir nāma tathāgato 'rhansamyaksaṃbuddha iti |
17.9	yasmāt tarhi subhūte tathāgatena arhatā samyaksaṃbuddhena nāsti sakaścid dharmo yo 'nuttarāṃ samyaksaṃbodhim abhisaṃbuddhas tasmādahaṃ dīpaṃkareṇa tathāgatena vyākṛto bhaviṣyasi tvaṃ māṇava-anāgate'dhvani śākyamunir nāma tathāgato 'rhan samyaksaṃbuddhaḥ |
17.10	tatkasya hetoḥ | tathāgata iti subhūte | bhūta-tathatāyā etad adhivacanam |tathāgata iti subhūte | anutpāda dharmatāyā etad adhivacanam | tathāgataiti subhūte | dharmo cchedasya etad adhivacanam | tathāgata iti subhūte |atyanta anutpannasya etad adhivacanam | tat kasya hetoḥ | eṣa subhūte'nutpādo yaḥ paramārthaḥ |
17.11	 yaḥ kaścit subhūte evaṃ vadet tathāgatena arhatā samyak-saṃbuddhenaanuttarā samyaksaṃbodhir abhisaṃbuddheti sa vitathaṃ vadedabhyācakṣīta māṃ sa subhūte asatodgṛhītena |tat kasya hetoḥ |nāsti subhūte sa kaścid dharmo yas tathāgatena anuttarāṃsamyaksaṃbodhim abhisaṃbuddhaḥ |
17.12	yaś ca subhūte tathāgatena dharmo 'bhisaṃbuddho deśito vā tatra nasatyaṃ na mṛṣā | tasmāttathāgato bhāṣate sarvadharmā buddhadharmā iti|
17.13	tat kasya hetoḥ | sarva-dharmā iti subhūte a-dharmās tathāgatenabhāṣitāḥ | tasmād ucyante sarvadharmā buddha-dharmā iti |
17.14	tadyathāpi nāma subhūte puruṣo bhaved upetakāyo mahākāyaḥ |
17.15	āyuṣmān subhūtir āha | yo 'sau bhagavaṃs tathāgatena puruṣo bhāṣitaupetakāyo mahākāya ity akāyaḥ sa bhagavaṃs tathāgatena bhāṣitaḥ |tenocyata upetakāyo mahākāya iti |
17.16	bhagavān āha | evam etat subhūte | yo bodhisattva evaṃ vaded ahaṃsattvān parinirvāpayiṣyāmīti na sa bodhisattva iti vaktavyaḥ |
17.17	tatkasya hetoḥ | asti subhūte sa kaścid dharmo yo bodhisattvo nāma |
17.18	subhūtir āha | no hīdaṃ bhagavan nāsti sa kaścid dharmo yo bodhisattvonāma |
17.19	bhagavān āha | sattvāḥ sattvā iti subhūte asattvās te tathāgatena bhāṣitāstenocyate sattvā iti |
17.20	tasmāt tathāgato bhāṣate nirātmānaḥ sarvadharmā nirjīvāniṣpoṣāniṣpudgalāḥ sarvadharmā iti |
17.21	yaḥ subhūte bodhisattva evaṃ vaded ahaṃ kṣetra-vyūhān
17.22	tatkasya hetoḥ | kṣetra-vyūhāḥ kṣetra-vyūhā iti subhūte 'vyūhās tetathāgatena bhāṣitāḥ | tenocyante kṣetra-vyūhā iti |
17.23	yaḥ subhūte bodhisattvo nirātmāno dharmā nirātmāno dharmā ityadhimucyate sa tathāgatena arhatā samyaksaṃbuddhena bodhisattvomahāsattva ity ākhyātaḥ ||17||
18.1	bhagavān āha | tatkiṃ manyase subhūte saṃvidyate tathāgatasyamāṃsa-cakṣuḥ |
18.2	subhūtir āha | evam etad bhagavan saṃvidyate tathāgatasya māṃsa-cakṣuḥ|
18.3	bhagavān āha | tatkiṃ manyase subhūte saṃvidyate tathāgatasya divyaṃcakṣuḥ |
18.4	subhūtir āha | evam etad bhagavan saṃvidyate tathāgatasya divyaṃ cakṣuḥ|
18.5	bhagavān āha | tatkiṃ manyase subhūte saṃvidyate tathāgatasyaprajñā-cakṣuḥ |
18.6	subhūtir āha | evam etad bhagavan saṃvidyate tathāgatasya prajñā-cakṣuḥ|
18.7	bhagavān āha | tatkiṃ manyase subhūte saṃvidyate tathāgatasyadharma-cakṣuḥ |
18.8	subhūtir āha | evam etad bhagavan saṃvidyate tathāgatasyadharma-cakṣuḥ |
18.9	bhagavānāha | tatkiṃ manyase subhūte saṃvidyate tathāgatasyabuddha-cakṣuḥ | 
18.10	subhūtir āha | evam etad bhagavan saṃvidyate tathāgatasyabuddha-cakṣuḥ |
18.11	bhagavān āha | tatkiṃ manyase subhūte yāvatyo gaṅgāyāṃ mahā-nadyāṃvālukā api nu tā vālukās tathāgatena bhāṣitāḥ |
18.12	subhūtir āha | evam etad bhagavan evam etat sugata bhāṣitās tathāgatenavālukāḥ |
18.13	bhagavān āha | tatkiṃ manyase subhūte yāvatyo gaṅgāyāṃ mahānadyāṃvālukās tāvatya eva gaṅgānadyo bhaveyuḥ tāsu yā vālukās tāvantaś calokadhātavo bhaveyuḥ kaccid bahavas te lokadhātavo bhaveyuḥ |
18.14	subhūtir āha | evam etad bhagavann evam etat sugata bahavas telokadhātavo bhaveyuḥ |
18.15	bhagavān āha | yāvantaḥ subhūte teṣu lokadhāteṣu sattvās teṣām ahaṃnānābhāvāṃ cittadhārāṃ prajānāmi |
18.16	tatkasya hetoḥ | citta-dhārā citta-dhāreti subhūte adhāraiṣā tathāgatenabhāṣitā | tenocyate citta-dhāreti |
18.17	tatkasya hetoḥ | atītaṃ subhūte cittaṃ nopalabhyate | anāgataṃ cittaṃnopalabhyate | pratyutpannaṃ cittaṃ nopalabhyate ||18||
19.1	tatkiṃ manyase subhūte yaḥ kaścit kulaputro vā kuladuhitā vevaṃtrisāhasramahāsāhasraṃ lokadhātuṃ sapta-ratna-paripūrṇaṃ kṛtvātathāgatebhyo 'rhadbhyaḥ samyaksaṃbuddhebhyo dānaṃ dadyād api nusa kulaputro vā kuladuhitā vā tato nidānaṃ bahu puṇya-skandhaṃprasunuyāt |
19.2	subhūtir āha | bahu bhagavan bahu sugata |
19.3	 bhagavān āha | evam etat subhūte evam etad bahu sa kulaputro vākuladuhitā vā tato nidānaṃ bahu puṇya-skandhaṃ prasunuyād |
19.4	tatkasya hetoḥ | puṇya-skandhaḥ puṇya-skandha iti subhūte a-skandhaḥ satathāgatena bhāṣitaḥ | tenocyate puṇya-skandha iti | sacet punaḥ subhūtepuṇya-skandho 'bhaviṣyan na tathāgato 'bhāṣiṣyat puṇya-skandhaḥpuṇya-skandha iti ||19||
20.1	tat kiṃ manyase subhūte rūpa-kāya-pariniṣpattyā tathāgato draṣṭavyaḥ |
20.2	subhūtir āha | no hīdaṃ bhagavan na rūpa-kāya-pariniṣpattyā tathāgatodraṣṭavyaḥ |
20.3	tatkasya hetoḥ | rūpa-kāya-pariniṣpattī rūpakāya-pariniṣpattir iti bhagavanapariniṣpattir eṣā tathāgatena bhāṣitā | tenocyate rūpakāya-pariniṣpattir iti|
20.4	bhagavān āha | tatkiṃ manyase subhūte lakṣaṇa-saṃpadā tathāgatodraṣṭavyaḥ |
20.5	subhūtir āha | no hīdaṃ bhagavan na lakṣaṇa-saṃpadā tathāgatodraṣṭavyaḥ |
20.6	tatkasya hetoḥ | yaiṣā bhagavaṃl lakṣaṇa-saṃpat tathāgatena bhāṣitāalakṣana-saṃpad eṣā tathāgatena bhāṣitā | tenocyate lakṣaṇa-saṃpad iti||20||
21.1	bhagavān āha | tatkiṃ manyase subhūte api nu tathāgatasyaivaṃ bhavatimayā dharmo deśita iti |
21.2	subhūtir āha | no hīdaṃ bhagavan tathāgatasyaivaṃ bhavati mayā dharmodeśita iti |
21.3	bhagavān āha | yaḥ subhūte evaṃ vadet tathāgatena dharmo deśita iti savitathaṃ vaded abhyācakṣīta māṃ sa subhūte 'satodgṛhītena |
21.4	tatkasya hetoḥ | dharma-deśanā dharma-deśaneti subhūte nāsti sa kaściddharmo yo dharma-deśanā nāmopalabhyate |
21.5	evam ukta āyuṣmān subhūtir bhagavantam etad avocat | asti bhagavankecit sattvā bhaviṣyanty anāgate 'dhvani paścime kāle paścime samayepaścimāyāṃ pañcaśatyāṃ saddharma-vipralope vartamāne ya imānevaṃrūpān dharmāñ śrutvā abhiśraddhāsyanti |
21.6	bhagavān āha | na te subhūte sattvā nāsattvāḥ |
21.7	tatkasya hetoḥ | sattvāḥ sattvā iti subhūte sarve te subhūte asattvāstathāgatena bhāṣitāḥ | tenocyante sattvā iti ||21||
22.1	tatkiṃ manyase subhūte api nv asti sa kaścid dharmo yas tathāgatenaanuttarāṃ samyaksaṃbodhim abhisaṃbuddhaḥ |
22.2	 āyuṣmān subhūtir āha | no hīdaṃ bhagavan nāsti sa bhagavan kaściddharmo yas tathāgatena anuttarāṃ samyaksaṃbodhim abhisaṃbuddhaḥ |
22.3	bhagavān āha | evam etat subhūte evam etad aṇur api tatra dharmo nasaṃvidyate nopalabhyate | tenocyate 'nuttarā samyaksaṃbodhir iti ||22||
23.1	api tu khalu punaḥ subhūte samaḥ sa dharmo na tatra kaścid viṣamaḥ |tenocyate 'nuttarā samyaksaṃbodhir iti |
23.2	nirātmatvena niḥsattvatvena nirjīvatvena niṣpudgalatvena samā sānuttarāsamyaksaṃbodhiḥ sarvaiḥ kuśalair dharmair abhisaṃbudhyate |
23.3	tat kasya hetoḥ | kuśalā dharmāḥ kuśalā dharmā iti subhūte adharmāścaiva te tathāgatena bhāṣitāḥ | tenocyante kuśalā dharmā iti ||23||
24.1	yaśca khalu punaḥ subhūte strī vā puruṣo vā yāvantastrisāhasramahāsāhasre lokadhātau sumeravaḥ parvata-rājānas tāvato rāśīnsaptānāṃ ratnānām abhisaṃhṛtya tathāgatebhyo 'rhadbhyaḥsamyaksaṃbuddhebhyo dānaṃ dadyāt|
24.2	yaś ca kulaputro vā kuladuhitā vetaḥ prajñāpāramitāyā dharma-paryāyādantaśaś catuṣpādikām api gāthām udgṛhya parebhyo deśayed asya subhūtepuṇyaskandhasya asau paurvakaḥ puṇya-skandhaḥ śatatamīm api kalāṃnopaiti yāvad upaniṣadam api na kṣamate ||24||
25.1	tatkiṃ manyase subhūte api nu tathāgatasyaivaṃ bhavati mayā sattvāḥparimocitā iti | na khalu punaḥ subhūta evaṃ draṣṭavyam |
25.2	tatkasya hetoḥ | nāsti subhūte kaścit sattvo yas tathāgatena parimocitaḥ |yadi punaḥ subhūte kaścit sattvo 'bhaviṣyad yas tathāgatena parimocitaḥsyāt sa eva tathāgatasya ātmagrāho 'bhaviṣyat sattva-grāho jīva-grāhaḥpudgala-grāho 'bhaviṣyat |
25.3	ātma-grāha iti subhūte agrāha eṣa tathāgatena bhāṣitaḥ | sa cabālapṛthagjanair udgṛhītaḥ |
25.4	bālapṛthag-janā iti subhūte a-janā eva te tathāgatena bhāṣitāḥ |tenocyante bālapṛthagjanā iti ||25||
26.1	tatkiṃ manyase subhūte lakṣaṇa-saṃpadā tathāgato draṣṭavyaḥ |
26.2	subhūtir āha | no hīdaṃ bhagavan | yathā ahaṃ bhagavato bhāṣitasyaartham ājānāmi na lakṣaṇa-saṃpadā tathāgato draṣṭavyaḥ |
26.3	bhagavān āha | sādhu sādhu subhūte evam etat subhūte evam etad yathāvadasi | na lakṣaṇa-saṃpadā tathāgato draṣṭavyaḥ | tatkasya hetoḥ | sacetpunaḥ subhūte lakṣaṇa-saṃpadā tathāgato draṣṭavyo 'bhaviṣyad rājā-apicakravartī tathāgato 'bhaviṣyat | tasmānna lakṣaṇasaṃpadā tathāgatodraṣṭavyaḥ |
26.4	āyuṣmān subhūtir bhagavantametadavocat | yathāhaṃ bhagavatobhāṣitasya artham ājānāmi na lakṣaṇa-saṃpadā tathāgato draṣṭavyaḥ |
26.5	atha khalu bhagavāṃs tasyāṃ velāyām ime gāthe abhāṣata |
26.6	 ye māṃ rūpeṇa cādrākṣur ye māṃ ghoṣeṇa cānvaguḥ |mithyā-prahāṇa-prasṛtā na māṃ drakṣyanti te janāḥ ||1||
26.7	dharmato buddho draṣṭavyo dharmakāyā hi nāyakāḥ |dharmatā ca na vijñeyā na sā śakyā vijānitum ||2||
27.1	tatkiṃ manyase subhūte lakṣaṇa-saṃpadā tathāgatena anuttarāsamyaksaṃbodhir abhisaṃbuddhā |
27.2	na khalu punas te subhūte evaṃ draṣṭavyam | tatkasya hetoḥ | na hi subhūtelakṣaṇa-saṃpadā tathāgatena anuttarā samyaksaṃbodhir abhisaṃbuddhāsyāt |
27.3	 na khalu punas te subhūte kaścid evaṃ vadetbodhisattva-yāna-saṁprasthitaiḥ kasyacid dharmasya vināśaḥ prajñaptaucchedo veti na khalu punas te subhūte evaṃ draṣṭavyam |
27.4	 tatkasya hetoḥ |na bodhisattva-yāna-saṃprasthitaiḥ kasyacid dharmasyavināśaḥ prajñapto nocchedaḥ | 
28.1	 yaś ca khalu punaḥ subhūte kulaputro vā kuladuhitā vāgavgānadī-vālukā-samāṃl lokadhātūn sapta-ratna-paripūrṇāṃ kṛtvātathāgatebhyo 'rhadbhyaḥ samyaksaṃbuddhebhyo dānaṃ dadyād
28.2	 yaś ca bodhisattvo nirātmakeṣv anutpattikeṣu dharmeṣu kṣāntiṃpratilabhate ayam eva tato nidānaṃ bahutaraṃ puṇyaskandhaṃ prasavedaprameyam asaṃkhyeyam |
28.3	na khalu punaḥ subhūte bodhisattvena mahāsattvena puṇyaskandhaḥparigrahītavyaḥ |
28.4	āyuṣmān subhūtir āha | nanu bhagavan bodhisattvena puṇyaskandhaḥparigrahītavyaḥ |
28.5	 bhagavān āha | parigrahītavyaḥ subhūte nodgrahītavyaḥ | tenocyateparigrahītavya iti ||28||
29.1	api tu khalu punaḥ subhūte yaḥ kaścid evaṃ vadet tathāgato gacchati vāāgacchati vā tiṣṭhati vā niṣīdati vā śayyāṃ vā kalpayati na me subhūte sabhāṣitasya artham ājānāti |
29.2	tatkasya hetoḥ | tathāgata iti subhūta ucyate na kvacidgato na kutaścidāgataḥ | tenocyate tathāgato 'rhan samyaksaṃbuddha iti ||29||
30.1	yaś ca khalu punaḥ subhūte kulaputro vā kuladuhitā vā yāvantastrisāhasra-mahāsāhasre lokadhātau pṛthivī-rajāṃsi tāvatāṃ lokadhātūnāmevaṃrūpaṃ maṣiṃ kuryāt yāvad evam asaṃkhyeyena vīryeṇa tadyathāpināma paramāṇu-saṃcayaḥ tat kiṃ manyase subhūte api nu bahuḥ saparamāṇu-saṃcayo bhavet |
30.2	subhūtir āha | evam etad bhagavann evam etat sugata | bahuḥ saparamāṇu-saṃcayo bhavet |
30.3	tatkasya hetoḥ | saced bhagavan bahuḥ paramāṇu-saṃcayo 'bhaviṣyat nabhagavān avakṣyat paramāṇu-saṃcaya iti |
30.4	tatkasya hetoḥ | yo 'sau bhagavan paramāṇu-saṃcayas tathāgatena bhāṣito'samcayaḥ sa tathāgatena bhāṣitaḥ | tenocyate paramāṇu-saṃcaya iti |
30.5	yaś ca tathāgatena bhāṣitas trisāhasra-mahāsāhasro lokadhātur ity adhātuḥsa tathāgatena bhāṣitaḥ | tenocyate trisāhasra-mahāsāhasro lokadhātur iti |
30.6	tatkasya hetoḥ | saced bhagavan lokadhātur abhaviṣyat sa eva piṇḍagrāho'bhaviṣyat yaś caiva piṇḍagrāhas tathāgatena bhāṣito 'grāhaḥ satathāgatena bhāṣitaḥ | tenocyate piṇḍagrāha iti |
30.7	bhagavān āha | piṇḍagrāhaś caiva subhūte 'vyavahāro 'nabhilapyaḥ | na sadharmo na adharmaḥ | sa ca bālapṛthagjanair udgṛhītaḥ |
31.1	tatkasya hetoḥ | yo hi kaścit subhūta evaṃ vaded ātmadṛṣṭis tathāgatenabhāṣitā sattvadṛṣṭir jīvadṛṣṭiḥ pudgaladṛṣṭis tathāgatena bhāṣitā api nu sasubhūte samyagvadamāno vadet |
31.2	subhūtir āha | no hīdaṃ bhagavan no hīdaṃ sugata na samyagvadamānovadet |
31.3	tatkasya hetoḥ | yā sā bhagavann ātmadṛṣṭis tathāgatena bhāṣitā adṛṣṭiḥ sātathāgatena bhāṣitā | tenocyata ātmadṛṣṭir iti |
31.4	bhagavān āha | evaṃ hi subhūte bodhisattva-yāna-saṃprasthitenasarva-dharmā jñātavyā draṣṭavyā adhimoktavyāḥ | tathā ca jñātavyā
31.5	tatkasya hetoḥ | dharma-saṃjñā dharmasaṃjñeti subhūte asaṃjñaiṣātathāgatena bhāṣitā | tenocyate dharmasaṃjñeti ||31||
32.1	yaśca khalu punaḥ subhūte bodhisattvo mahāsattvo 'prameyānasaṃkhyeyāṃllokadhātūn saptaratna-paripūrṇaṃ kṛtvā tathāgatebhyo'rhadbhyaḥ samyaksaṃbuddhebhyo dānaṃ dadyād
32.2	yaś ca kulaputro vā kuladuhitā vetaḥ prajñāpāramitāyā dharmaparyāyād antaśaś catuṣpādikām api gāthām udgṛhya dhārayed deśayed vācayet paryavāpnuyāt parebhyaś ca vistareṇa saṃprakāśayed ayam eva tatonidānaṃ bahutaraṃ puṇyaskandhaṃ prasunuyād aprameyamasaṃkhyeyam |
32.3	kathaṃ ca saṃprakāśayet | yathā na prakāśayet |tenocyate saṃprakāśayediti |
32.4	tārakā timiraṃ dīpo māyā-avaśyāya budbudaṃ |svapnaṃ ca vidyud abhraṃ ca evaṃ draṣṭavyaṃ saṃskṛtaṃ ||
32.5	idam avocad bhagavān āttamanāḥ | sthavira subhūtis te cabhikṣu-bhikṣuṇy-upāsakopāsikās te ca bodhisattvāḥsadeva-mānuṣa-asura-gandharvaś ca loko bhagavato bhāṣitamabhyanandann iti |
32.6	ārya-vajracchedikā bhagavatī prajñāpāramitā samāptā ||